Dataset,Model,encoder,online,use_backprop,ukf,ukf_mode,models,size,dim,lr,levels,epochs,Gaussian,Poisson,MissingP,trial,MAE,RMSE
MetroInterstateTrafficVolume,GradHD,nonlinear,1,False,False,ukf,1,20,1000,0.001,6,1,0.0,0.0,0.0,0,0.14146289229393005,0.17598049342632294
MetroInterstateTrafficVolume,GradHD,nonlinear,1,False,False,ukf,1,20,1000,0.001,6,1,0.0,0.0,0.0,1,0.14123737812042236,0.1758418083190918
MetroInterstateTrafficVolume,GradHD,nonlinear,1,False,False,ukf,4,20,1000,0.001,6,1,0.0,0.0,0.0,0,0.1831270009279251,0.21732720732688904
MetroInterstateTrafficVolume,GradHD,nonlinear,1,False,False,ukf,4,20,1000,0.001,6,1,0.0,0.0,0.0,1,0.18422526121139526,0.21841444075107574
MetroInterstateTrafficVolume,GradHD,nonlinear,1,False,False,ukf,8,20,1000,0.001,6,1,0.0,0.0,0.0,0,0.21032191812992096,0.24341560900211334
MetroInterstateTrafficVolume,GradHD,nonlinear,1,False,False,ukf,8,20,1000,0.001,6,1,0.0,0.0,0.0,1,0.2107270210981369,0.24387513101100922
MetroInterstateTrafficVolume,GradHD,nonlinear,1,False,False,ukf,16,20,1000,0.001,6,1,0.0,0.0,0.0,0,0.24087731540203094,0.2769545316696167
MetroInterstateTrafficVolume,GradHD,nonlinear,1,False,False,ukf,16,20,1000,0.001,6,1,0.0,0.0,0.0,1,0.24062901735305786,0.2764163911342621
MetroInterstateTrafficVolume,GradHD,nonlinear,0,True,False,ukf,1,20,1000,0.001,6,30,0.0,0.0,0.0,0,0.07514696568250656,0.09944536536931992
MetroInterstateTrafficVolume,GradHD,nonlinear,0,True,False,ukf,1,20,1000,0.001,6,30,0.0,0.0,0.0,1,0.07631244510412216,0.09843919426202774
MetroInterstateTrafficVolume,GradHD,nonlinear,0,True,False,ukf,4,20,1000,0.001,6,30,0.0,0.0,0.0,0,0.051707006990909576,0.07125508040189743
MetroInterstateTrafficVolume,GradHD,nonlinear,0,True,False,ukf,4,20,1000,0.001,6,30,0.0,0.0,0.0,1,0.052911389619112015,0.0727958232164383
MetroInterstateTrafficVolume,GradHD,nonlinear,0,True,False,ukf,8,20,1000,0.001,6,30,0.0,0.0,0.0,0,0.05090879276394844,0.07139076292514801
MetroInterstateTrafficVolume,GradHD,nonlinear,0,True,False,ukf,8,20,1000,0.001,6,30,0.0,0.0,0.0,1,0.05262370407581329,0.0728992372751236
MetroInterstateTrafficVolume,GradHD,nonlinear,0,True,False,ukf,16,20,1000,0.001,6,30,0.0,0.0,0.0,0,0.05201222747564316,0.07167328894138336
MetroInterstateTrafficVolume,GradHD,nonlinear,0,True,False,ukf,16,20,1000,0.001,6,30,0.0,0.0,0.0,1,0.05401760712265968,0.07364440709352493
MetroInterstateTrafficVolume,UKFHD,nonlinear,1,False,False,kf,1,20,1000,0.001,6,1,0.0,0.0,0.0,0,0.4487835764884949,0.5243234634399414
MetroInterstateTrafficVolume,UKFHD,nonlinear,1,False,False,kf,1,20,1000,0.001,6,1,0.0,0.0,0.0,1,0.44877511262893677,0.5243156552314758
MetroInterstateTrafficVolume,UKFHD,nonlinear,1,False,False,ukf,1,20,1000,0.001,6,1,0.0,0.0,0.0,0,0.27167871594429016,0.31925472617149353
MetroInterstateTrafficVolume,UKFHD,nonlinear,1,False,False,ukf,1,20,1000,0.001,6,1,0.0,0.0,0.0,1,0.2537399232387543,0.2943538725376129
MetroInterstateTrafficVolume,UKFHD,nonlinear,1,False,False,kf,1,20,1000,0.001,6,1,0.5,0.0,0.0,0,0.44983041286468506,0.5253036618232727
MetroInterstateTrafficVolume,UKFHD,nonlinear,1,False,False,ukf,1,20,1000,0.001,6,1,0.5,0.0,0.0,0,0.43491312861442566,0.5125631093978882
MetroInterstateTrafficVolume,UKFHD,nonlinear,1,False,False,kf,1,20,1000,0.001,6,1,1.0,0.0,0.0,0,0.45030301809310913,0.5257269740104675
MetroInterstateTrafficVolume,UKFHD,nonlinear,1,False,False,ukf,1,20,1000,0.001,6,1,1.0,0.0,0.0,0,0.44725802540779114,0.5231303572654724
MetroInterstateTrafficVolume,UKFHD,nonlinear,1,False,False,kf,1,20,1000,0.001,6,1,0.0,0.0,0.2,0,0.4493783116340637,0.5248619914054871
MetroInterstateTrafficVolume,UKFHD,nonlinear,1,False,False,ukf,1,20,1000,0.001,6,1,0.0,0.0,0.2,0,0.32005617022514343,0.3902096152305603
MetroInterstateTrafficVolume,UKFHD,nonlinear,1,False,False,kf,1,20,1000,0.001,6,1,0.0,0.2,0.0,0,0.44904622435569763,0.5246288776397705
MetroInterstateTrafficVolume,UKFHD,nonlinear,1,False,False,ukf,1,20,1000,0.001,6,1,0.0,0.2,0.0,0,0.3995395600795746,0.4818873703479767
MetroInterstateTrafficVolume,GradHD,nonlinear,0,True,False,ukf,1,20,1000,0.001,6,30,0.0,0.0,0.0,0,0.07514696568250656,0.09944536536931992
MetroInterstateTrafficVolume,UKFHD,nonlinear,1,False,False,ukf,1,20,1000,0.0001,6,1,0.0,0.0,0.0,0,0.3957032561302185,0.4778992831707001
MetroInterstateTrafficVolume,GradHD,nonlinear,0,True,False,ukf,8,20,1000,0.001,6,30,0.0,0.0,0.0,0,0.050908707082271576,0.07139058411121368
MetroInterstateTrafficVolume,GradHD,nonlinear,0,True,False,ukf,8,20,1000,0.001,6,30,0.5,0.0,0.0,0,0.17344699800014496,0.21444396674633026
MetroInterstateTrafficVolume,GradHD,nonlinear,0,True,False,ukf,8,20,1000,0.001,6,30,1.0,0.0,0.0,0,0.21750794351100922,0.26111307740211487
MetroInterstateTrafficVolume,GradHD,nonlinear,0,True,False,ukf,8,20,1000,0.001,6,30,0.0,0.0,0.2,0,0.13002429902553558,0.2241329550743103
MetroInterstateTrafficVolume,GradHD,nonlinear,0,True,False,ukf,8,20,1000,0.001,6,30,0.0,0.2,0.0,0,0.20381572842597961,0.24641823768615723
MetroInterstateTrafficVolume,UKFHD,nonlinear,1,False,False,ukf,1,20,1000,0.0001,6,1,0.0,0.0,0.0,0,0.3957032561302185,0.4778992831707001
MetroInterstateTrafficVolume,GradHD,nonlinear,1,False,False,ukf,1,20,1000,0.001,6,1,0.0,0.0,0.0,0,0.14146289229393005,0.17598049342632294
